"Facility Id","FRS Id","Facility Name","City","State","Zip Code","Address","County","Latitude","Longitude","Primary NAICS Code","Latest Reported Industry Type (subparts)","Latest Reported Industry Type (sectors)","2023 Total reported direct emissions","2022 Total reported direct emissions","2021 Total reported direct emissions","2020 Total reported direct emissions","2019 Total reported direct emissions","2018 Total reported direct emissions","2017 Total reported direct emissions","2016 Total reported direct emissions","2015 Total reported direct emissions","2014 Total reported direct emissions","2013 Total reported direct emissions","2012 Total reported direct emissions","2011 Total reported direct emissions"
1013282,NA,"3M Pittsboro","Moncure","NC","27559","4191 Hwy 87 South",NA,35.660546,-79.176782,327999,"C","Minerals",27050.748,28141.944,29339.24,26496.1,25968.852,25848.452,NA,NA,NA,NA,NA,NA,NA
1014236,"110000350370","ADM Southport","Southport","NC","28461","1730 E Moore Street SE","BRUNSWICK COUNTY",33.94516,-78.00117,325199,"C","Chemicals",82308.14,89098.308,65370.002,NA,NA,NA,NA,NA,NA,NA,NA,NA,NA
1004178,"110022439798","ALPEK POLYESTER USA, LLC","FAYETTEVILLE","NC","28312","3216 CEDAR CREEK RD","CUMBERLAND COUNTY",34.98305,-78.78722,325211,"C","Other",35596.364,47560.372,47400.872,47904.62,41059.396,43533.336,43871.836,41333.924,43214.288,40782.848,42807.888,44557.426,47440.096
1005055,"110000346992","ARAUCO-USA LLC","MONCURE","NC","27559","985 CORINTH ROAD","CHATHAM COUNTY",35.60067,-79.04634,321219,"C","Other",NA,NA,NA,NA,NA,NA,NA,NA,NA,NA,NA,8951.65,12567.878
1006778,"110000348589","ATI Specialty Materials, Monroe Plant","MONROE","NC","28110","2020 ASHCRAFT AVENUE","UNION COUNTY",34.98548,-80.517139,331492,"C","Metals",60857.514,58222.722,49705.302,42349.728,61825.2,62014.052,61558.802,59027.71,58378.768,62650.852,57878.518,59914.21,62138.646
1014866,"110068054376","Ajinomoto Health & Nutrition NA, Inc.","Raleigh","NC","27610","4020 Ajinomoto Drive","WAKE COUNTY",35.77127,-78.56609,325411,"C","Chemicals",27663.696,NA,NA,NA,NA,NA,NA,NA,NA,NA,NA,NA,NA
1005138,"110043799609","Alamance County Landfill","Graham","NC","27253","2701 Austin Quarter Rd.","ALAMANCE COUNTY",35.9306,-79.2941,562212,"HH","Waste",134681.75,130863.25,127969,125546.25,125209.25,123568,121429,122302.75,119231.5,116036.25,112634.25,109351.75,106525
1002236,"110071161780","Anson County Waste Management Facility","Polkton","NC","28135","375 Dozer Drive","ANSON COUNTY",34.969177,-80.165185,562212,"HH","Waste",63836.25,80463.75,51909,70916.75,274450.5,267747.75,211575,189162.5,172306,151933.5,134669.25,127926.25,99265.5
1000003,"110001482887","Ardagh Glass Inc. (Henderson)","Henderson","NC","27537","620 Facet Road","VANCE COUNTY",36.291066,-78.391883,327213,"C,N","Minerals",77625.44,79156.516,79993.496,81110.872,80097.188,79393.21,80219.128,74813.296,80976.036,81003.988,80535.232,74324.196,77199.184
1000026,"110000347802","Ardagh Glass Inc. (Wilson)","WILSON","NC","27893","2201 FIRESTONE PARKWAY","WILSON COUNTY",35.7602,-77.8826,327213,"C,N","Minerals",44661.488,89289.616,92756.316,94154.616,95179.812,79299.79,44275.59,90360.572,99258.482,90845.312,94459.056,95875.436,97386.794
1007180,"110071160856","Asheville Steam Electric Plant","ARDEN","NC","28704","200 CP&L DRIVE","Buncombe",35.4714,-82.5431,221112,"C,D","Power Plants",1455027.44,1595369.424,1448571.11,1200948.344,1396089.06,1638133.04,1336765.258,1473932.088,1588704.562,1600459.59,1411291.542,1961670.128,1740156.864
1002822,"110071161703","Auria Albemarle, LLC","ALBEMARLE","NC","28001","313 BETHANY ROAD","STANLY COUNTY",35.3982,-80.20477,314110,"C","Other",NA,192.1,200.8,128.5,5316.478,27650.302,34650.092,42271.42,43156.904,43384.752,42496.062,48253.74,40149.694
1013954,"110067419467","Avient Protective Materials","Greenville","NC","27834","5750 Martin Luther King Jr. Highway","PITT COUNTY",35.65739,-77.35402,325220,"C","Other",NA,10773.86,10117.912,8737.568,NA,NA,NA,NA,NA,NA,NA,NA,NA
1001943,"110001499664","BLACKBURN SANITARY LANDFILL","NEWTON","NC","28658","3993 ROCKY FORD ROAD","CATAWBA COUNTY",35.60606,-81.30738,562212,"HH","Waste",96948.5,109495.626,91678.576,81323.058,97698.22,83680.788,73766.74,64722.596,32981.568,28319.89,27059.498,50926.35,52175.798
1002954,"110000745196","BRIDGESTONE FIRESTONE INCORPORATED","WILSON","NC","27893","3001 FIRESTONE PARKWAY","WILSON COUNTY",35.75598,-77.86917,326211,"C","Other",40372.592,37970.196,36953.352,37377.7,45326.118,47890.112,44837.66,48130.658,43782.56,49125.502,46020.018,43499.528,46758.348
1001775,"110009853578","BUNCOMBE COUNTY NEW LANDFILL","ALEXANDER","NC","28701","85 PANTHER BRANCH ROAD","BUNCOMBE COUNTY",35.72811,-82.64221,562212,"HH","Waste",70463.5,68755.5,72035.25,68205.75,71639,58452.25,67714.5,53769.5,43871.75,43121.25,39492.15,26587.65,75631.65
1006406,"110043805674","BUNCOMBE COUNTY OLDLANDFILL","ASHEVILLE","NC","28804","2726 HIGHWAY 251","BUNCOMBE",35.660561,-82.603897,562212,"HH","Waste",NA,NA,NA,NA,NA,NA,NA,NA,NA,NA,5270,6740,2757.5
1001187,"110000604141","Belews Creek","BELEWS CREEK","NC","27052","3195 PINE HALL ROAD","Stokes",36.2811,-80.0603,221112,"C,D","Power Plants",5584207.896,5922637.112,6959270.394,4441528.054,6302103.262,7080078.632,8472760.146,9570241.008,10803219.28,11483633.416,10940291.51,12145000.08,13600298.758
1000230,"110009846480","Blue Ridge Paper Products LLC","CANTON","NC","28716","175 MAIN ST","Haywood",35.535,-82.8411,322110,"AA,C,TT","Pulp and Paper,Waste",400763.118,946189.974,942651.274,901082.326,882938.546,963662.944,902149.818,1176668.618,1091221.86,1081715.234,1180676.462,1109404.168,1079632.468
1000831,"110001978334","Buck","SALISBURY","NC","28145","1555 DUKEVILLE RD","Rowan",35.7133,-80.3767,221112,"C,D","Power Plants",1570968.456,1939412.97,1762785.02,1472875.574,1656473.312,1953656.16,1916776.396,1864291.64,1869097.624,1421743.332,1715100.128,1803398.018,757170.416
1000200,"110007669380","Butler-Warner Generation Plant","FAYETTEVILLE","NC","28312","2274 CUSTER AVE","Cumberland",35.0986,-78.8294,221112,"D","Power Plants",NA,NA,NA,NA,NA,NA,NA,7189.17,23454.912,17333.036,3142.42,22488.116,27882.784
1005780,"110018837892","CAMPBELL SOUP SUPPLY COMPANY","MAXTON","NC","28364","2120 HIGHWAY 71 NORTH","ROBESON COUNTY",34.7724,-79.325,311422,"C","Other",46011.876,47885.72,55495.392,45259.08,45091.678,42354.482,43818.928,45266.578,45348.902,46276.108,51280.654,49089.962,49722.214
1005915,"110001502311","CARDINAL FG FLAT GLASS PLANT","MOORESVILLE","NC","28115","342 MOORESVILLE BLVD","IREDELL COUNTY",35.63526,-80.786231,327211,"C,N","Minerals",106520.328,111853.316,109109.172,107457.576,105664.032,104140.084,98655,102131.492,73810.916,105526.18,100830.692,101027.996,96554.356
1004594,"110000347189","CARGILL INC RALEIGH FACILITY","RALEIGH","NC","27603","1400 S. BLOUNT ST.","WAKE COUNTY",35.76093,-78.63754,311222,"C","Other",NA,NA,NA,NA,NA,NA,NA,0,0,8114.364,30232.436,16916.736,22676.462
1005299,"110041040922","CAROLINA STALITE COMPANY","GOLD HILL","NC","28071","16815 OLD BEATTYS FORD RD.","ROWAN COUNTY",35.50767,-80.3297,327992,"C","Minerals",84771.086,93235.82,113705.214,129808.71,134223.622,121541.664,151444.536,145838.87,138695.778,106103.55,93662.888,82765.674,85801.698
1004911,"110000349267","CHARLOTTE PIPE & FOUNDRY CO","CHARLOTTE","NC","28208","1335 S. CLARKSON ST.","MECKLENBURG COUNTY",35.224323,-80.861806,331511,"C","Metals",32673.27,48321.022,54530.672,48175.928,51051.34,54523.388,46063.406,42635.746,41859.164,40067.364,35893.498,34450.576,32461.826
1006145,"110000559609","CHEMOURS COMPANY - FAYETTEVILLE WORKS","FAYETTEVILLE","NC","28306","22828 NC HIGHWAY 87 WEST","BLADEN COUNTY",34.8419,-78.8388,325120,"C,L,OO","Chemicals,Industrial Gas Suppliers",46277.309,47608.0021,49966.266087,55586.52012,681145.82,553482.776186,511699.346268,619915.531944,645558.937466,497579.076853,474980.219771,398328.432083,501502.411271
1005594,"110060422760","CITY OF ALBEMARLE LANDFILL","ALBEMARLE","NC","28002","40592B Stony Gap Road","STANLY COUNTY",35.3173,-80.1658,562212,"HH","Waste",61211.25,60786.25,59591.75,58443.25,57502.5,56408.25,54990.5,47650.5,33250,32373.75,31918.25,38017,37461.25
1007078,"110001503472","CITY OF DURHAM SANITARY LANDFILL","DURHAM","NC","27704","2115 EAST CLUB BLVD","DURHAM",36.025818,-78.856501,562212,"HH","Waste",NA,NA,NA,NA,NA,NA,NA,NA,NA,NA,12067.5,9910,12311.25
1006978,"110009717039","CITY OF GREENSBORO WHITE STREET LANDFILL","GREENSBORO","NC","27405","2503 WHITE STREET","GUILFORD COUNTY",36.1089,-79.72148,562212,"HH","Waste",220459.75,206466.75,156615,176907,179535.25,282115.75,279215.25,337242,304489.75,254689.5,277582.5,318875.544,208988.29
1005825,"110071162427","CLEVELAND COUNTY LANDFILL","SHELBY","NC","28152","200 South Post Road, OFF AIRPORT","CLEVELAND COUNTY",35.300926,-81.545135,562212,"HH","Waste",143437,139753,135704.75,132001.5,151973.5,120881,141833.25,139203,136612,133325.25,130501,127530.75,123578.25
1004136,"110043785909","COVATION BIOMATERIALS KINSTON SITE","Grifton","NC","28530","4693 N. C. HIGHWAY, 11 NORTH","LENOIR COUNTY",35.3306,-77.4772,325211,"C","Other",34955.468,38857.004,42689.34,34256.472,37290.06,39362.7,37150.95,36000.964,33418.212,36545,36706.312,36151.864,36226.902
1000226,"110000347045","CPI USA North Carolina Roxboro","ROXBORO","NC","27573","331 ALLIE CLAY RD","Person",36.435,-78.9619,221112,"C","Power Plants",NA,NA,41023.084,219156.094,224639.678,221991.592,233935.044,227762.536,206054.98,156828.768,154142.228,131416.476,113637.668
1000225,"110043787783","CPI USA North Carolina Southport","SOUTHPORT","NC","28461","1281 POWERHOUSE DR SE","Brunswick",33.9444,-78.0125,221112,"C","Power Plants",NA,NA,69232.782,390883.328,403284.514,381133.178,402765.12,469143.494,462904.126,338270.452,328515.474,360144.594,316182.886
1001627,"110060396432","CUMBERLAND COUNTY ANN STREET LANDFILL","FAYETTEVILLE","NC","28301","698 ANN STREET","CUMBERLAND COUNTY",35.0639,-78.87082,562212,"C,HH","Waste",75195.5,60068.5,67818.5,65407,67144.25,64609.5,56597.25,65053.55,48615.1,43338.1,36238.85,44122.65,38385.5
1000785,"110071160857","Cape Fear Steam Electric Plant","MONCURE","NC","27559","500 CP&L ROAD","Chatham",35.595,-79.0492,221112,"C","Power Plants",82993.284,87493.622,79344.594,NA,NA,NA,NA,NA,NA,0,1054.032,436361.31,1038006.85
1005124,"110000349515","Cargill Inc","Charlotte","NC","28217","5000 South Blvd","MECKLENBURG COUNTY",35.16941,-80.876,311222,"C","Other",NA,NA,NA,NA,NA,NA,NA,17565.184,17687.184,18314.732,15815.14,18713.98,23153.212
1003495,"110009849968","Cargill, Inc.","Fayetteville","NC","28312","1754 River Road","CUMBERLAND COUNTY",35.087889,-78.844949,311221,"C","Other",66582.646,59216.174,42646.968,38514.4,41133.126,36820.964,29781.162,33256.782,33367.02,32457.092,31400.28,27438.874,21260.398
1005354,"110000348749","Carolina Stalite Company","Norwood","NC","28128","12423 Old Aquadale Rd.","STANLY COUNTY",35.229466,-80.243888,327992,"C","Minerals",19189.362,20382.412,20046.224,20204.618,21937.506,25569.08,NA,NA,NA,NA,NA,NA,NA
1010363,"110010718884","Cascades Tissue Group North Carolina","Rockingham","NC","28379","805, Midway Road","RICHMOND COUNTY",34.954075,-79.809005,322120,"C","Pulp and Paper",19706.676,24695.356,14590.244,25079.554,23628.96,24588.008,23753.16,24295.408,24994.956,25436.404,NA,NA,NA
1011645,"110040757142","CertainTeed Gypsum NC, Inc.","Semora","NC","27343","921 Shore Road","PERSON COUNTY",36.49011,-79.055977,327420,"C","Minerals",31009.784,37237.96,34938.268,31350.632,25746.204,40970.296,52841.252,65112.104,57165.784,50997.808,43361.336,NA,NA
1003099,"110070081851","Charlotte Motor Speedway Landfill V","CONCORD","NC","28027","5105 MOREHEAD ROAD","CABARRUS COUNTY",35.345247,-80.682062,562212,"HH","Waste",196456.5,181540.75,160698.25,176044.25,171309.5,151951.5,196161.75,200397.75,167877.5,184842.75,227100,224240,287730
1010974,"110071159965","Clearwater Paper Shelby, LLC","Shelby","NC","28150","617 Washburn Switch Rd.","CLEVELAND COUNTY",35.310018,-81.603346,322120,"C","Pulp and Paper",78237.756,80545.348,77655.008,79721.7,66009.7,55544.54,55606.44,53819.848,53626.048,58629.08,52048.904,NA,NA
1000565,"110039620292","Cleveland County Generating Facility","Grover","NC","28073","200 Elm Road","Cleveland",35.1706,-81.4161,221112,"C,D","Power Plants",356228.974,680754.1,502700.15,324171.936,544122.17,435049.042,481888.162,445925.736,580378.324,415043.088,157993.01,18592.336,NA
1000832,"110071160891","Cliffside","CLIFFSIDE","NC","28024","DUKE POWER RD #1002","Cleveland",35.22,-81.7594,221112,"C,D","Power Plants",3711093.676,3071804.156,3329380.932,4201415.576,5253472.242,4903202.502,5005112.212,3290301.298,3568615.18,5158890.464,5292863.532,1255122.184,2327522.234
1000227,"110007377739","Coastal Carolina Clean Power LLC","KENANSVILLE","NC","28349","1838 NC 11 & 903","Duplin",35.0225,-77.8575,221112,"C","Power Plants",NA,NA,NA,NA,NA,NA,NA,NA,NA,NA,45635.718,7886.46,8567.67
1003035,"110043802597","Coastal Regional Solid Waste Management Authority","New Bern","NC","28562","7400 Old US 70 West","CRAVEN COUNTY",34.943667,-76.948346,562212,"HH","Waste",138924.75,129028,121381,137036,139443.25,125127.25,103166.25,86126.5,81776.5,90223.5,91139.25,87352.75,86144
1007732,"110001482949","Craven County Wood Energy","New Bern","NC","28562","201 Executive Parkway","CRAVEN COUNTY",35.1285,-77.17,221117,"D","Power Plants",7362.986,7071.864,7283.54,4546.564,6639.414,6680.1,7268.34,6642.54,6614.2,6551.88,6637.736,10986.976,10262.704
1002099,"110008647893","DAK AMERICAS LLC","LELAND","NC","28451","3500 DANIELS ROAD NORTHEAST","BRUNSWICK",34.322316,-78.039566,325222,"C","Other",NA,NA,NA,NA,NA,NA,NA,NA,NA,0,177923.37,215573.582,296688.514
1003297,"110038493298","DUKE UNIVERSITY","DURHAM","NC","27710","131 RESEARCH DR","DURHAM COUNTY",36.008498,-78.942578,611310,"C","Other",91985.848,98023.22,83859.432,88885.512,88263.916,89000.714,82815.886,81529.644,82461.94,87158.4,88677.564,55267.736,91821.66
1000833,"110070081773","Dan River","EDEN","NC","27288","900 S EDGEWOOD RD","Rockingham",36.4862,-79.7208,221112,"C,D","Power Plants",1470088.604,1599550.72,1620602.396,1740005.152,1709972.264,1925980.312,1876249.496,1838464.736,1757416.088,1467109.764,1534333.07,39629.08,293545.024
1007571,"110000349748","Darling In, Ingredients - Fayetteville","Fayetteville","NC","28301","1309 Industrial Drive","CUMBERLAND COUNTY",35.03104,-78.86301,311613,"C","Other",68800.84,68938.54,69856.636,65672.252,66785.246,67927.222,63437.458,62998.31,56585.68,52488.632,52077.142,51849.914,47078.018
1006213,"110070834613","Darling Ingredients, Inc. - Rose Hill","Rose Hill","NC","28458","469 Yellow Cut Rd.","DUPLIN COUNTY",34.838207,-78.035053,311613,"C","Other",40201.248,42245.64,42167.392,42176.886,31982.628,30451.462,33178.78,32073.32,31726.004,27539.176,33182.42,33569.962,33231.768
1002637,"110008055674","Darling Ingredients, Inc. - Wadesboro","Wadesboro","NC","28170","656 Little Duncan Rd.","ANSON COUNTY",35.03532,-80.082805,311613,"C","Other",31399.632,29994.088,29454.588,31692.38,30094.236,28834.792,25704.652,26844.048,28155.14,29702.888,26490.488,25457.152,NA
1004204,"110043787015","Davidson County Integrated Solid Waste Management Dept.","Thomasville","NC","27360","1242 Old Highway 29","DAVIDSON COUNTY",35.85308,-80.17695,562212,"HH","Waste",73681.25,68374.25,62937.75,63312.5,54579,55004.5,51918.25,49153,49733.25,45940.5,40024.5,35818.25,47513.25
1000229,"110071161106","Domtar Paper Company LLC - Plymouth","PLYMOUTH","NC","27962","NC HWY 149 N","Martin",35.8628,-76.7831,322110,"AA,C,TT","Pulp and Paper,Waste",195444.684,162656.388,170369.864,103113.146,176119.524,166449.832,118954.838,116289.324,102138.648,118776.412,100658.84,142978.974,138286.616
1000392,"110000348954","Durafiber Technologies","SALISBURY","NC","28147","7401 STATESVILLE BOULEVARD","ROWAN COUNTY",35.7133,-80.6122,325222,"C","Other",NA,NA,NA,NA,NA,NA,NA,37845.508,41477.144,32383.228,26235.95,30237.13,33232.53
1003101,"110060467926","EAST CAROLINA REGIONAL LANDFILL","AULANDER","NC","27805","1922 REPUBLICAN ROAD","BERTIE COUNTY",36.11558,-77.07097,562212,"HH","Waste",92680,95345,105511,103264.75,105594.5,104686.25,99714.5,163927.5,117295.25,134920,101352.5,111785,170326
1000554,"110013975706","EDGECOMBE COUNTY LANDFILL","TARBORO","NC","27886","2861 COLONIAL ROAD","EDGECOMBE",35.914656,-77.583985,562212,"C,HH","Waste",NA,NA,NA,NA,NA,NA,NA,NA,NA,12782.932,8185.25,24583.5,22236.25
1014336,"110070386075","EGGER Wood Products, LLC","Linwood","NC","27299","300 Egger Parkway","DAVIDSON COUNTY",35.740731,-80.343295,321219,"C","Other",45139.988,45787.164,34004.96,NA,NA,NA,NA,NA,NA,NA,NA,NA,NA
1002262,"110000349070","ELECTRIC GLASS FIBER AMERICA, LLC","SHELBY","NC","28150","940 WASHBURN SWITCH RD.","CLEVELAND COUNTY",35.33104,-81.62436,327212,"C,N","Minerals",72506.962,85261.564,98337.684,64929.996,89744.928,93631.904,91400.568,92316.072,94238.412,98268.448,87319.28,110725.712,98030.232
1005640,"110000350272","ELEMENTIS CHROMIUM","CASTLE HAYNE","NC","28429","5408 HOLLY SHELTER ROAD","NEW HANOVER COUNTY",34.372516,-77.859466,325180,"C,U","Chemicals",120282.924,149925.54,152469.036,134720.848,138950.38,146041.86,146513.202,138584.084,145040.498,145127.268,151633.65,149576.774,164366.55
1000704,"110057298446","EVONIK SUPERABSORBER LLC","GREENSBORO","NC","27406","2401 DOYLE STREET","GUILFORD COUNTY",36.0441,-79.78814,325199,"C","Chemicals",36504.464,34254.372,31997.98,32432.928,32314.58,31657.732,28034.544,27944.996,32730.476,43923.436,55933.996,56524.766,55521.814
1000231,"110022568531","Edgecombe Genco, LLC","BATTLEBORO","NC","27809","6358 OLD BATTLEBORO RD 27809","Edgecombe",36.0378,-77.7542,221112,"D","Power Plants",NA,NA,NA,NA,NA,160696.72,151055.098,182950.612,281415.454,324726.174,328639.342,380816.512,698341.034
1002322,"110000346082","Electric Glass Fiber America, LLC","LEXINGTON","NC","27292","473 NEW JERSEY CHURCH ROAD","DAVIDSON COUNTY",35.75525,-80.28116,327212,"C,N","Minerals",32838.9,46940.9,38721.874,15469.7,36867.434,38799.724,45863.692,52468.424,58404.744,47003.532,46453.088,45699.29,43225.9
1001211,"110000349882","Elizabethtown Power","ELIZABETHTOWN","NC","28337","3100 WEST BROAD ST","Bladen",34.6474,-78.6407,221112,"D","Power Plants",NA,NA,NA,NA,NA,NA,NA,NA,NA,NA,0,0,0
1004405,"110014016607","FELTONSVILLE LANDFILL","APEX","NC","27502","6000 OLD SMITHFIELD ROAD","WAKE",35.6811,-78.8499,562212,"HH","Waste",NA,NA,NA,NA,NA,NA,NA,NA,779.5,762.5,1307.5,2750,47960
1005424,"110000349383","FRITO-LAY, INCORPORATED","CHARLOTTE","NC","28273","2911 NEVADA BV","MECKLENBURG COUNTY",35.11746,-80.94108,311919,"C","Other",26630.7,27414.196,27150.048,25203.656,NA,NA,NA,22730.164,24463.608,23152.312,20626.7,24535.466,34004.976
1007044,"110034168512","Foothills Environmental","Lenoir","NC","28645","2800 Cheraw Road","CALDWELL COUNTY",35.914488,-81.593527,562212,"HH","Waste",46222.75,54764.5,58735.75,69829.5,55736,70490.5,77798.25,115184.5,77548.75,84658.5,83055,90767.5,119160
1000830,"110000348008","G G Allen","BELMONT","NC","28012","253 PLANT ALLEN RD.","Gaston",35.1897,-81.0122,221112,"C,D","Power Plants",141042.74,300842.644,200401.368,535362.742,968124.032,875330.648,1035444.338,1499279.77,1645832.622,2312887.672,1890358.136,1895451.36,3966059.89
1005137,"110056321822","GASTON COUNTY LANDFILL","DALLAS","NC","28034","3155 PHILADELPHIA CHURCH RD","GASTON COUNTY",35.38868,-81.17202,562212,"HH","Waste",57758,61837.75,62129.5,68057.25,71643.75,75786.75,72778,81656.25,62903.5,63605,60612.75,51141,58750.25
1007998,"110000347161","GSK, INC.","ZEBULON","NC","27597","1011 NORTH ARENDELL AVENUE","WAKE COUNTY",35.832054,-78.319739,325412,"C,OO","Chemicals,Industrial Gas Suppliers",8129.62,8524.468,8130.02,8637.968,9136.916,8167.32,7135.524,7044.824,6784.872,251.046,11.2,6085.628,6404.776
1003507,"110012474697","Gerdau Ameristeel US, Inc - Charlotte Mill","CHARLOTTE","NC","28269","6601 LAKEVIEW ROAD","MECKLENBURG COUNTY",35.33908,-80.83114,331110,"C,Q","Metals",50136.46,54655.352,62120.396,55922.208,55844.008,46157.52,42165.428,34754.628,33824.528,48970.596,51491.78,47378.852,46786.204
1002857,"110001102958","GlaxoSmithKline","Research Triangle Park","NC","27709","Five Moore Drive","DURHAM COUNTY",35.939776,-78.863888,325411,"C","Chemicals",NA,NA,NA,NA,NA,NA,NA,NA,14382.084,17052.268,16340.686,15098.092,24421.15
1002888,"110023154931","Gold Bond - MTH Plant","MOUNT HOLLY","NC","28120","1725 DRYWALL DR","GASTON COUNTY",35.3245,-80.9996,327420,"C","Minerals",85511.828,90377.16,88122.968,86780.124,87297.872,87606.32,84340.532,78097.656,72511.576,78967.052,76866.26,70783.784,59865.324
1013623,"110001480415","Gold Bond - WLM Plant","Wilmington","NC","28412","838 Sunnyvale Drive","NEW HANOVER COUNTY",34.17215,-77.94659,327420,"C","Minerals",40328.748,39350.152,37295.16,31882.08,28775.492,NA,NA,NA,NA,NA,NA,NA,NA
1013276,"110071162203","Granges Americas Inc.- SRM","Salisbury","NC","28145","1709 Jake Alexander BLVD","ROWAN COUNTY",35.682317,-80.507236,331315,"C","Metals",16960.236,19038.528,26474.9,17261.836,23783.66,25777.852,NA,NA,NA,NA,NA,NA,NA
1013633,"110069995406","Great Oak Landfill","Randleman","NC","27317","3597 Old Cedar Falls Road","RANDOLPH COUNTY",35.744148,-79.741612,562212,"C,HH","Waste",65194.3,40137.05,194878.3,70740.5,44656.75,NA,NA,NA,NA,NA,NA,NA,NA
1000786,"110000496552","H F Lee Steam Electric Plant","GOLDSBORO","NC","27530","1199 Black Jack Church Rd","Wayne",35.3775,-78.0875,221112,"C,D","Power Plants",2637535.22,2827748.238,2380026.564,2312716.414,2649902.098,3051649.374,2858500.964,2807254.922,2787314.33,2376744.74,2555224.018,1282647.738,1373113.474
1003137,"110007123184","HANES MILL ROAD LANDFILL","WINSTON-SALEM","NC","27102","325 WEST HANES MILL ROAD","FORSYTH COUNTY",36.189037,-80.287502,562212,"HH","Waste",32616.75,39407.25,40461.75,55173.75,54986,33469.5,31920,32293.25,29589.75,53028.85,48778.3,37371,46905.9
1001876,"110070157588","HEADQUARTERS XVIII ABN CORPS AND FORT LIBERTY","Fort Liberty","NC","28310","2175 Rock Merritt Avenue","CUMBERLAND COUNTY",35.152115,-78.998907,928110,"C","Other",74795.994,67823.67,66439.764,62440.036,65154.916,65198.112,65834.964,68670.316,71176.014,79899.13,77303.338,72190.658,89803.458
1005993,"110014008509","HENDERSON COUNTY LANDFILL/TS SINCE 1997","HENDERSONVILLE","NC","28791","802 STONEY MOUNTAIN RD","HENDERSON",35.3515,-82.49791,562212,"HH","Waste",NA,NA,NA,NA,NA,NA,NA,NA,NA,NA,14666,8820.5,12686.5
1006514,"110009717164","IREDELL CO-TWINS OAKS RD;3260","STATESVILLE","NC","28625","354 TWINS OAKS ROAD","IREDELL COUNTY",35.77227,-80.82308,562212,"C,HH","Waste",133232.644,106417.516,96367.06,154251.56,87658.8,71478.05,110795.2,95168.586,81518.238,77831.258,98620.75,77910.25,82991
1012516,"110000861032","Ingredion Incorporated","Winton Salem","NC","27107","4501 Overdale Road","FORSYTH COUNTY",36.032491,-80.228696,311221,"C","Other",26386.918,23494.91,32334.294,21123.01,34070.426,22133.15,21457.142,31259.084,NA,NA,NA,NA,NA
1010114,"110013349563","International Paper - Canton Landfill 5B/5C","Canton","NC","28716",NA,"HAYWOOD COUNTY",35.552899,-82.832451,562212,"TT","Waste",NA,NA,NA,NA,21181.75,22046.25,22946,23882.25,24857,25871.5,26927.25,33631.5,35004
1000228,"110000350478","International Paper - New Bern Mill","Vanceboro","NC","28586","1785 Weyerhaeuser Road","Craven",35.2081,-77.1242,322110,"AA,C,TT","Pulp and Paper,Waste",114519.266,100748.704,93987.324,97271.516,100442.642,75257.262,70804.592,103893.94,118094.538,133040.01,130805.58,143138.582,137158.476
1011267,"110070082124","International Paper - Roanoke Rapids Landfill","Roanoke Rapids","NC","27870",NA,"HALIFAX COUNTY",36.462894,-77.636997,562212,"TT","Waste",NA,NA,NA,NA,NA,21277,22145.25,23049.25,23989.75,24968.75,25987.75,NA,NA
1007226,"110009719304","International Paper-Riegelwood","RIEGELWOOD","NC","28456","865 JOHN L RIEGEL ROAD","Columbus",34.3528,-78.2028,322110,"AA,C,TT","Pulp and Paper,Waste",301786.16,316907.462,325787.898,302060.936,277427.502,295411.298,292700.834,331024.128,401493.576,390931.25,387668.502,398186.154,414901.002
1004252,"110041518033","JOHNSTON COUNTY MSW LANDFILL","SMITHFIELD","NC","27577","680 COUNTY HOME ROAD","JOHNSTON COUNTY",35.511016,-78.429316,562212,"HH","Waste",98907.25,99816.5,104223.25,101520.5,75290.75,82774.5,59071.5,58543.75,59490.25,45350.5,44391.25,30321.5,86047.75
1000365,"110064780349","Kersey Valley MSW Landfill","High Point","NC","27261","3940 E. Kivett Drive","GUILFORD COUNTY",35.9556,-79.9256,562212,"HH","Waste",106752.75,104607.25,102389.5,98375.75,94134,91489.75,89390.75,105013.5,102365.25,99658,97011,95427.25,93669.5
1013259,"110064432449","Kings Mountain Energy Center","Kings Mountain","NC","28086","181 Gage Road","CLEVELAND COUNTY",35.201313,-81.365446,221112,"C,D","Power Plants",1237626.064,1147381.848,1065899.5,1067747.044,1091988.504,503648.576,NA,NA,NA,NA,NA,NA,NA
1000828,"110000350174","L V Sutton Steam Electric Plant","WILMINGTON","NC","28401","801 SUTTON STEAM PLANT ROAD","New Hanover",34.2824,-77.9864,221112,"C,D","Power Plants",1495648.708,1500313.858,1601151.912,1570654.478,1793301.604,1479575.32,1802595.808,1792504.402,1679119.096,1540362.46,1747555.594,1390376.726,1690526.856
1005461,"110014008536","LINCOLN COUNTY LANDFILL","CROUSE","NC","28033","5291 CROUSE RD","LINCOLN COUNTY",35.43049,-81.35386,562212,"HH","Waste",48874,48590,47622,46836.5,46223.75,45783,45534.25,45327.5,45034,44744,44213.25,43664,43218.5
1005026,"110034163946","Lenoir County Landfill","LaGrange","NC","28551","2949 Hodges Farm Road","LENOIR COUNTY",35.29357,-77.71334,562212,"HH","Waste",21403.25,22658.75,23987.75,25395,26884.5,28461.5,30130.75,31898.25,33769.25,35750,37846.75,40066.75,42417
1001109,"110001495347","Lincoln","STANLEY","NC","28164","6769 OLD PLANK ROAD","Lincoln",35.4317,-81.0347,221112,"D","Power Plants",19532.298,123554.554,224976.31,34665.348,23284.654,71402.14,18297.978,41218.58,41888.698,63348.288,45370.228,24930.556,104223.846
1001212,"110007015050","Lumberton Power","LUMBERTON","NC","28359","1866 HESTERTOWN ROAD","Robeson",34.59,-78.9968,221112,"D","Power Plants",NA,NA,NA,NA,NA,NA,NA,NA,NA,NA,0,0,0
1006239,"110000346000","MILLERCOORS LLC - EDEN BREWERY","EDEN","NC","27288","863 E. MEADOW RD.","ROCKINGHAM COUNTY",36.51511,-79.71582,312120,"C","Other",NA,NA,NA,NA,NA,NA,NA,NA,0,48140.424,86986.752,88863.238,107588.906
1000834,"110071160892","Marshall","TERRELL","NC","28682","8320 EAST HWY 150","Catawba",35.5975,-80.9658,221112,"C,D","Power Plants",5154520.468,5272927.738,5729907.536,5592487.534,7394203.558,7959693.94,8567964.546,9011243.878,7170573.554,8680689.602,7812143.34,9019573.744,10545944.488
1001049,"110057382666","Mayo Electric Generating Plant","ROXBORO","NC","27574","10660 BOSTON ROAD","Person",36.5278,-78.8917,221112,"D","Power Plants",1369520.38,1377810.508,1546362.276,813227.742,1770749.812,1740465.89,1561341.07,2142600.148,3037173.39,2660455.374,2646111.66,3488371.15,3590232.138
1000459,"110020901194","NCEMC Anson Plant","LILESVILLE","NC","28091","749 BLEWETT FALLS ROAD","Anson",34.9708,-79.9208,221112,"C,D","Power Plants",52913.716,206629.062,63981.556,49776.816,57206.43,221141.022,105380.79,140542.558,94755.778,67600.99,57639.122,164333.19,125910.72
1000462,"110022483258","NCEMC Hamlet Plant","HAMLET","NC","28345","162 COOPERATIVE WAY","Richmond",34.8422,-79.7367,221112,"C,D","Power Plants",43516.374,108951.316,63748.964,33857.426,54935.542,94087.526,18207.274,29152.692,38754.686,31517.07,20003.288,136178.918,77635.71
1005699,"110064315584","NCSU CENTRAL HEAT PLANT","RALEIGH","NC","27695","2815 CATES AVENUE","WAKE COUNTY",35.78658,-78.68103,611310,"C","Other",112758.352,115668.914,111728.728,99958.122,106751.426,95417.43,89427.878,93594.596,96591.642,101257.84,94515.708,74446.396,62453.71
1006119,"110018631248","NEW HANOVER COUNTY SECURE LANDFILL","WILMINGTON","NC","28401","5210 U S HIGHWAY 421 NORTH","NEW HANOVER COUNTY",34.32188,-77.99312,562212,"HH","Waste",47522.5,46883,67967.25,17506.25,50644.5,199091.75,186957.5,147301.75,139886.75,133688.25,140458.75,146078.25,139984
1000391,"110010283978","NEW HANOVER COUNTY WASTEC","WILMINGTON","NC","28401","3002 HIGHWAY 421 NORTH","NEW HANOVER",34.281966,-77.95905,562213,"C","Waste",NA,NA,NA,NA,NA,NA,NA,NA,NA,NA,0,0,7042.062
1008063,"110030816605","NGK Ceramics USA, Inc.","Mooresville","NC","28115","119 Mazeppa Road","IREDELL COUNTY",35.614,-80.81605,336390,"C","Other",20167.424,25106.356,27377.096,22711.564,34683.02,41076.896,37543.608,37111.36,36805.612,36746.548,32745.976,33796.072,29246.44
1005786,"110007378514","NORTH WAKE COUNTY LANDFILL","RALEIGH","NC","27615","9004 DEPONIE DRIVE","WAKE",35.905133,-78.582116,562212,"HH","Waste",NA,NA,NA,NA,NA,NA,NA,NA,10208.25,9235,10680,11470,12000
1002958,"110024423131","NUCOR STEEL HERTFORD COUNTY","COFIELD","NC","27922","1505 RIVER RD","HERTFORD COUNTY",36.355216,-76.81115,331110,"C,Q","Metals",216464.492,199975.792,231434.212,251729.896,270940.712,309477.232,326150.1,338621.804,327822.532,438538.288,351571.25,332208.5,418477.48
1001953,"110009853417","ONSLOW COUNTY LANDFILL","JACKSONVILLE","NC","28540","415 MEADOWVIEW ROAD","ONSLOW COUNTY",34.79804,-77.53781,562212,"HH","Waste",91546.75,78971.25,70020.75,66180.75,77298.25,76677,70001.5,70700.25,60226.75,55176.25,51123.5,120847.75,115649
1002911,"110071161726","OWENS-BROCKWAY GLASS CONTAINER INC. - PLANT 06","LEXINGTON","NC","27295","9698 OLD US HIGHWAY 52","DAVIDSON COUNTY",35.950001,-80.209999,327213,"C,N","Minerals",67571.264,64984.276,65967.128,62548.384,67873.372,73731.556,70625.112,73253.26,67783.124,73040.804,76235.044,74024.348,73307.504
1005524,"110043815529","Orange County Regional Landfill","Chapel Hill","NC","27516","1514 Eubanks Road","ORANGE COUNTY",35.9711,-79.0819,562212,"HH","Waste",43197.5,23919.5,18419.75,23940.5,14597.75,13680,13247.25,12236,26655.5,19281.25,23871.75,29899,80243.75
1014715,NA,"Oxford MSW Landfill","Oxford","NC","27565","6595 Landfill Road",NA,36.370332205509,-78.623376758911,562212,"HH","Waste",20195.5,18977,NA,NA,NA,NA,NA,NA,NA,NA,NA,NA,NA
1006242,"110000586376","PCS PHOSPHATE COMPANY INCORPORATED","AURORA","NC","27806","1530 NC HIGHWAY 306 South","BEAUFORT COUNTY",35.37745,-76.778816,325312,"C,Z","Chemicals",321374.222,295365.152,327369.722,307962.748,274064.594,302051.944,357788.724,417943.974,478126.238,475478.16,514845.408,437430.67,401268.148
1002737,"110004027320","PERDUE FARMS INC","LEWISTON","NC","27849","3539 GOVERNORS RD","BERTIE COUNTY",36.140066,-77.224466,311615,"C,II","Other,Waste",9986.218,177850.766,155561.768,129421.368,150173.064,150049.814,175569.258,198198.272,206807.562,293130.668,263701.62,211609.39,176283.164
1006571,"110000346974","PERFORMANCE FIBERS, INCORPORATED","NEW HILL","NC","27562","338 PEA RIDGE ROAD","CHATHAM COUNTY",35.62011,-79.04495,325222,"C","Other",NA,NA,NA,NA,NA,NA,NA,NA,NA,22495.252,25363.65,29623.86,29202.38
1007456,"110001504729","PIEDMONT LANDFILL AND RECYCLING CENTER","KERNERSVILLE","NC","27284","9900 FREEMAN ROAD","FORSYTH",36.194956,-80.037372,562212,"C,HH","Waste",NA,NA,NA,NA,NA,NA,NA,NA,NA,4890.566,4229.142,6278.708427,8396.704954
1003849,"110064226868","PILKINGTON NORTH AMERICA, INC.","LAURINBURG","NC","28352","13121 ROCKY FORD RD.","SCOTLAND COUNTY",34.748702,-79.405889,327211,"C,N","Minerals",201177.274,235009.652,209695.5,245583.316,250547.212,256915.412,248013.008,245958.476,246369.974,253160.688,241976.754,228622.188,226508.316
1001771,"110000586401","Patheon Manufacturing Services LLC","GREENVILLE","NC","27834","5900 NORTHWEST GREENVILLE BOULEVARD","PITT COUNTY",35.66032,-77.357707,325412,"C","Chemicals",28392.342,28940.316,26942.232,25749.852,36276.108,35895.198,38902.08,37152.536,38598.126,37422.728,34469.272,34818.206,35494.554
1010987,"110057068220","Pitt County Landfill","Greenville","NC","27834","3025 Landfill Road","PITT COUNTY",35.598004,-77.427323,562212,"HH","Waste",30229.5,30629.5,23390.5,22081.25,23183,29433.75,29528.75,33211.25,34076.5,34182.75,40302,40189.25,41589.5
1001153,"110020516486","Plant Rowan County","SALISBURY","NC","28147","5755 NC HWY 801","Rowan",35.7325,-80.6019,221112,"C,D","Power Plants",1676212.584,1831920.562,1753925.692,1710355.806,1860196.944,1857185.046,1632148.776,1758088.87,1119667.038,1079132.506,1049044.362,1306088.504,1026808.284
1005725,"110000570720","Potters Industries LLC. - Apex, NC","Apex","NC","27539","820 Lufkin Road","WAKE COUNTY",35.71365,-78.83641,327215,"C","Minerals",32591.328,33206.924,29481.088,35471.316,35793.116,33879.972,30850.784,28892.292,28267.544,27038.948,29459.888,29678.788,30976.184
1010033,"110071161783","QORVO","Greensboro","NC","27409","7628 Thorndike Road","GUILFORD COUNTY",36.07565,-79.96503,334413,"C,I","Other",24793.000394,22292.562394,45019.460394,36093.342394,25192.174197,26798.252,34777.586394,35781.687,35284.888,45117.036,58287.517,54011.22,67775.169
1001073,"110071162468","R. J. REYNOLDS TOBACCO CO. WHITAKER PARK","WINSTON SALEM","NC","27105","4040 REYNOLDS COURT","FORSYTH COUNTY",36.134274,-80.257781,312230,"C","Other",28594.192,33228.674,39287.252,39257.452,38414.954,38629.946,41816.034,48447.716,48664.46,47296.948,50059.212,48726.32,52388.052
1003481,"110041484453","ROBESON COUNTY LANDFILL","ST. PAULS","NC","28384","246 LANDFILL ROAD","ROBESON COUNTY",34.790383,-78.91285,562212,"C,HH","Waste",127840.25,119677,111151.75,92816.864,102852.5,83804.152,71560.634,83469.474,58298.568,40973.398,44682.5,41129.25,41410.5
1004501,"110006718560","ROCKINGHAM COUNTY LANDFILL","MADISON","NC","27025","281 Shuff Road","ROCKINGHAM COUNTY",36.3647,-79.8422,562212,"HH","Waste",45313,35723.5,50807.25,61836.5,85296.25,70713.75,70362.5,73159.622,64198.534,61247.556,59769,60116.5,88083.25
1000320,"110000347777","ROVA Venture, LLC Roanoke Valley I","WELDON","NC","27890","290 POWER PLACE","Halifax",36.4364,-77.6167,221112,"C","Power Plants",NA,NA,NA,NA,NA,NA,5221.722,57700.432,188859.406,541310.478,1077588.578,990177.31,1035028.08
1006832,"110000347777","ROVA Venture, LLC Roanoke Valley II","WELDON","NC","27890","290 POWER PLACE","Halifax",36.4364,-77.6167,221112,"C","Power Plants",NA,NA,NA,NA,NA,NA,997.316,9981.31,25626.476,89668.54,386339.416,348623.404,321378.984
1006996,"110060514572","ROWAN COUNTY LANDFILL","WOODLEAF","NC","27054","789 CAMPBELL RD","ROWAN COUNTY",35.757219,-80.560395,562212,"HH","Waste",33229.75,34852.25,35210.75,54579.25,59977.75,162318.5,88815.75,85269.25,97857.75,93829.25,89720,85582.75,80600.5
1005767,"110043969845","Randolph County Solid Waste Facility","Randleman","NC","27317","1254 County Land Rd.","RANDOLPH COUNTY",35.75603,-79.76785,562212,"HH","Waste",NA,NA,NA,NA,NA,NA,NA,NA,20072.75,21213,22419.25,28434.5,29258.75
1001150,"110004060417","Richmond County Combustion Turbine Plant","HAMLET","NC","28345","198 ENERGY WAY","Richmond",34.8422,-79.7444,221112,"C,D","Power Plants",3485840.006,4154721.698,3434173.12,3528561.59,3925947.112,5237571.244,4282489.904,4752639.882,4634203.244,3121014.798,3676413.07,3934142.866,3024056.306
1000835,"110000348641","Riverbend","MOUNT HOLLY","NC","28120","175 STEAMPLANT RD","Gaston",35.36,-80.9742,221112,"C,D","Power Plants",NA,NA,NA,NA,NA,NA,NA,NA,NA,NA,135625.426,185013.34,879908.002
1001322,"110025240996","Rockingham County Combustion Turbine","REIDSVILLE","NC","27320","240 ERNEST DRIVE","Rockingham",36.3297,-79.8297,221112,"D","Power Plants",456149.396,827170.842,413795.202,371064.676,542064.08,1340633.528,386804.79,726242.338,473606.128,145859.556,171624.336,410128.932,241322.83
1000412,"110001483261","Rosemary Power Station","ROANOKE RAPIDS","NC","27870","120 W 12TH ST","Halifax",36.4525,-77.6594,221112,"C,D","Power Plants",NA,NA,7627.926,2826.554,2306.412,20836.018,71886.19,36511.216,56596.924,39275.106,36709.048,43044.064,74323.7
1000787,"110000346386","Roxboro Steam Electric Plant","SEMORA","NC","27343","1700 DUNNAWAY ROAD","Person",36.4833,-79.0731,221112,"D,TT","Power Plants,Waste",4122411.542,5406815.36,5419466.674,5198616.712,6812057.656,5893158.052,5859539.724,7672296.456,8363065.2,11585041.542,9425131.22,13314016.442,11206628.16
1004118,"110044801159","SAMPSON COUNTY DISPOSAL, LLC","ROSEBORO","NC","28382","7434 ROSEBORO HIGHWAY","SAMPSON COUNTY",34.962065,-78.448345,562212,"HH","Waste",165069.5,180050,209997.5,204257,275454,263386,170369.5,533913.75,408345,358410.25,289638.5,332181.5,321307.25
1004408,"110043177200","SOUTH WAKE LANDFILL","APEX","NC","27502","6300 OLD SMITHFIELD ROAD","WAKE COUNTY",35.674942,-78.85138,562212,"HH","Waste",81951,149109,157525,99497.25,97738,93863.25,97571.25,110021.75,81475.25,127941.5,80287.5,63710,60632.5
1001803,"110056970434","STARPET INCORPORATED","ASHEBORO","NC","27203","801 PINEVIEW ROAD","RANDOLPH COUNTY",35.77262,-79.82243,325211,"C","Other",34533.92,34196.872,35798.816,31656.88,33494.724,32120.98,32293.428,29376.44,28249.144,25365.004,26297.6,28438.092,26657.3
1005535,"110043785776","SURRY COUNTY LANDFILL","MOUNT AIRY","NC","27030","237 Landfill Road","SURRY COUNTY",36.4381,-80.5702,562212,"HH","Waste",26065.5,41722,48366.75,43489.25,40062,47237.75,45496,45093.5,41752,43383,62337,70091.5,69864.5
1004255,"110044801159","Sampson County Landfill","Roseboro","NC","28382","7434 Roseboro Highway","SAMPSON COUNTY",34.962065,-78.448345,562212,"HH","Waste",NA,10441.25,10767.25,12812.5,24291,24404.75,25735.25,31664.25,29833,28431.5,30799.25,32075,41300
1001851,"110007377338","Smithfield Fresh Meats Corp - Tar Heel","TAR HEEL","NC","28392","15855 NC HIGHWAY 87","BLADEN COUNTY",34.7465,-78.8061,311611,"C,II","Other,Waste",67983.652,67052,56622.69,66693.408,77179.024,67846.402,56197.89,64768.998,53521.73,40145.2,73755.288,82169.798,41549.2
1013323,"110000349846","Smithfield Fresh Meats Corp. Clinton","Clinton","NC","28328","424 East Railroad Street","SAMPSON COUNTY",34.994252,-78.313318,311612,"C","Other",27143.248,28023.544,26848.848,27735.296,28176.144,26843.448,NA,NA,NA,NA,NA,NA,NA
1006573,"110071159543","Stepan","WILMINGTON","NC","28401","4600 HIGHWAY 421 NORTH","NEW HANOVER COUNTY",34.315206,-77.988663,325211,"C","Other",27066.548,27297.548,23851.06,24948.056,30421.436,26296.6,22639.362,17915.132,14506.796,26727.542,122729.432,126511.1,163970.932
1006973,"110000615335","TRANSCO STATION 150","MOORESVILLE","NC","28115","236 TRANSCO ROAD","IREDELL COUNTY",35.52548,-80.85899,486210,"C,W-NGTC","Petroleum and Natural Gas Systems",42287.188,44044.918,48150.8,37678.984,44723.024,34617.55,39020.098,46084.776,66286.306,87112.782,105163.02,177527.08,197304.16
1007132,"110001102832","TRANSCO STATION 155","LEXINGTON","NC","27295","650 BECKY HILL ROAD","DAVIDSON COUNTY",35.88023,-80.32945,486210,"C,W-NGTC","Petroleum and Natural Gas Systems",NA,NA,NA,NA,NA,NA,NA,NA,NA,4253.148,2218.06,3308.18,21317.93
1008045,"110071161217","TRANSCO STATION 160","REIDSVILLE","NC","27320","4300 NC HIGHWAY 65 WEST","ROCKINGHAM COUNTY",36.342764,-79.821051,486210,"C,W-NGTC","Petroleum and Natural Gas Systems",52775.938,65106.292,67724.926,55255.03,43924.578,21554.4,17774.108,20194.96,39277.702,39885.696,49722.82,98476.61,142566.59
1000016,"110001478696","TYSON FARMS INCORPORATED HARMONY","HARMONY","NC","28634","501 SHEFFIELD ROAD","IREDELL COUNTY",35.95458,-80.72108,311613,"C","Other",40292.548,40951.896,38150.856,38434.056,36534.312,36535.312,35015.368,35333.116,32337.728,29817.888,29325.54,49787.358,50407.95
1000015,"110000492734","TYSON FARMS, INC.","WILKESBORO","NC","28697","704 FACTORY STREET","WILKES COUNTY",36.143889,-81.163333,311615,"C","Other",21782.966,25758.502,25340.802,25378.202,24112.658,26683.896,27070.946,25592.004,28135.43,28909.07,29057.04,25292.904,25076.254
1003847,"110000349784","The Goodyear Tire & Rubber Co, Inc","FAYETTEVILLE","NC","28311","6650 RAMSEY STREET","CUMBERLAND COUNTY",35.17187,-78.86062,326211,"C","Other",37781.106,39236.852,39529.852,35657.516,45464.48,45478.426,39927.1,46084,47427.472,46554.924,48998,45275.95,49622.48
1000234,"110006710684","The University of NC Chapel Hill","CHAPEL HILL","NC","27599","501 CAMERON AVE","Orange",35.9069,-79.0617,611310,"C","Other",169133.498,179491.212,201214.156,197497.734,227736.514,249429.098,260771.432,249982.614,269731.176,256652.552,230179.868,228849.824,265696.114
1004219,"110071160134","U S MARINE CORPS CHERRY POINT AIR STATION","CHERRY POINT","NC","28533","Building 4223 Access Rd., PSC Box 8006","CRAVEN COUNTY",34.94,-76.82,928110,"C","Other",39135.338,42708.314,45819.344,41177.36,45407.672,59164.058,73395.096,77745.324,78808.506,77178.094,75054.982,70141.7,71394.754
1007984,"110037601217","UPPER PIEDMONT REGIONAL LANDFILL","ROUGEMONT","NC","27572","9650 OXFORD ROAD","PERSON COUNTY",36.33719,-78.8299,562212,"HH","Waste",59539.25,43471.75,51595.25,47462,46246.25,49536.25,52542.25,70145.75,67862,65084.75,52070,46602.252325,65545.29875
1004062,"110043790216","US MARINE CORPS BASE CAMP LEJEUNE","CAMP LEJEUNE","NC","28547","12 Post Lane","ONSLOW COUNTY",34.670921,-77.348604,928110,"C,HH","Waste",84379.872,83966.278,84837.476,84041.434,86379.752,91499.412,109009.876,164247.524,179668.748,192801.298,180627.228,126152.75,108627.24
1004831,"110009853532","UWHARRIE ENVIRONMENTAL","MOUNT GILEAD","NC","27306","500 LANDFILL ROAD","MONTGOMERY COUNTY",35.3338,-79.96474,562212,"HH","Waste",69761,70112.75,85185.25,87365.25,88312.75,104248,105281,82784,134904,160456.5,147130,113617.5,144152.5
1007641,"110012339950","Valley Proteins, Inc. - Gastonia","Gastonia","NC","28052","5533 South York Road","GASTON COUNTY",35.16843,-81.19398,311613,"C","Other",NA,NA,NA,NA,7988.42,14870.844,14883.044,16437.188,25071.2,25146.244,25476.304,26234.996,NA
1000829,"110070081772","W H Weatherspoon Steam Electric Plant","LUMBERTON","NC","28358","491 POWER PLANT ROAD","Robeson",34.5889,-78.975,221112,"C","Power Plants",NA,NA,NA,NA,NA,NA,NA,4725.128,7604.776,6132.8,1632.926,1892.068,231133.42
1005274,"110060508909","Wayne County Landfill","Dudley","NC","28333","460B South Landfill Road","WAYNE COUNTY",35.28865,-78.07143,562212,"HH","Waste",12110.25,62782,61370.25,65855.75,44517,36832.25,42895.5,23510.25,23150.25,16006.75,14459,32783,54008.5
1000166,"110037266990","WestRock Kraft Paper, LLC","ROANOKE RAPIDS","NC","27870","100 GASTON ROAD","Halifax",36.4769,-77.6414,322120,"AA,C,TT","Pulp and Paper,Waste",255718.376,285999.626,274036.914,280159.392,257918.91,258478.552,261831.628,336730.666,310444.222,348322.67,328019.596,305311.898,308179.552
1011066,"110057067757","Wilders Grove Landfill","Raleigh","NC","27610","800 Corporation Parkway","WAKE COUNTY",35.78699,-78.57027,562212,"HH","Waste",NA,NA,NA,NA,NA,12099.25,13653.75,11799,19496.25,23752.25,30018.5,24447,20710
1006748,"110056378147","Wilkes County Landfill","Roaring River","NC","28669","9219 Elkin Highway","WILKES COUNTY",36.207954,-80.986352,562212,"HH","Waste",64792.75,62470.25,61105.25,59793,58330,56958.75,55640,54703.25,53482.75,52431.25,51144.75,50073.75,48975
1012448,"110028008279","Wolfspeed RTP","Durham","NC","27709","3028 E. Cornwallis Road","DURHAM COUNTY",35.91704,-78.87028,334413,"C,I","Other",257689.910289,191678.723713,244668.918259,166134.117501,124991.554743,116586.656758,98964.109167,74822.233182,NA,NA,NA,NA,NA
1005759,"110000347321","Wolfspeed, Inc","Durham","NC","27703","4600 Silicon Dr.","DURHAM COUNTY",35.899298,-78.840802,334413,"C,I","Other",61966.035304,79403.338516,97324.740713,99631.79794,102749.882152,120869.69094,111625.986137,105031.10594,72741.20497,78375.163758,59334.83,61062.203,33898.266
1011696,"110064007550","white oak landfill","waynesville","NC","28785","3898 fines creek rd","HAYWOOD COUNTY",35.661943,-82.996087,562212,"HH","Waste",116671.25,105619.75,79698,89476.75,82134.75,74998.25,66643.35,57371.4,49400.75,41921.35,40838,39733,38540
